<?xml version="1.0" encoding="UTF-8"?>
<project-private xmlns="http://www.netbeans.org/ns/project-private/1">
    <editor-bookmarks xmlns="http://www.netbeans.org/ns/editor-bookmarks/2" lastBookmarkId="0"/>
    <open-files xmlns="http://www.netbeans.org/ns/projectui-open-files/2">
        <group>
            <file>file:/C:/Users/ASUS%20TUF%20GAMING/Documents/NetBeansProjects/ui-dashboard-001/src/com/raven/model/Event.java</file>
            <file>file:/C:/Users/ASUS%20TUF%20GAMING/Documents/NetBeansProjects/ui-dashboard-001/src/com/raven/icon/2.png</file>
            <file>file:/C:/Users/ASUS%20TUF%20GAMING/Documents/NetBeansProjects/ui-dashboard-001/src/com/raven/component/Card.java</file>
            <file>file:/C:/Users/ASUS%20TUF%20GAMING/Documents/NetBeansProjects/ui-dashboard-001/src/com/raven/icon/3.png</file>
            <file>file:/C:/Users/ASUS%20TUF%20GAMING/Documents/NetBeansProjects/ui-dashboard-001/src/com/raven/form/Form_1.java</file>
            <file>file:/C:/Users/ASUS%20TUF%20GAMING/Documents/NetBeansProjects/ui-dashboard-001/src/com/raven/component/Header.java</file>
            <file>file:/C:/Users/ASUS%20TUF%20GAMING/Documents/NetBeansProjects/ui-dashboard-001/src/com/raven/swing/Table.java</file>
            <file>file:/C:/Users/ASUS%20TUF%20GAMING/Documents/NetBeansProjects/ui-dashboard-001/src/com/raven/model/EventDAO.java</file>
            <file>file:/C:/Users/ASUS%20TUF%20GAMING/Documents/NetBeansProjects/ui-dashboard-001/src/com/raven/swing/ListMenu.java</file>
            <file>file:/C:/Users/ASUS%20TUF%20GAMING/Documents/NetBeansProjects/ui-dashboard-001/src/com/raven/icon/10.png</file>
            <file>file:/C:/Users/ASUS%20TUF%20GAMING/Documents/NetBeansProjects/ui-dashboard-001/src/com/raven/component/Menu.java</file>
            <file>file:/C:/Users/ASUS%20TUF%20GAMING/Documents/NetBeansProjects/ui-dashboard-001/src/com/raven/main/Main.java</file>
            <file>file:/C:/Users/ASUS%20TUF%20GAMING/Documents/NetBeansProjects/ui-dashboard-001/src/com/raven/connection/DBConnection.java</file>
            <file>file:/C:/Users/ASUS%20TUF%20GAMING/Documents/NetBeansProjects/ui-dashboard-001/src/com/raven/event/EventMenuSelected.java</file>
            <file>file:/C:/Users/ASUS%20TUF%20GAMING/Documents/NetBeansProjects/ui-dashboard-001/src/com/raven/form/Form_Home.java</file>
            <file>file:/C:/Users/ASUS%20TUF%20GAMING/Documents/NetBeansProjects/ui-dashboard-001/src/com/raven/form/Form_2.java</file>
        </group>
    </open-files>
</project-private>
